# position,seq
1516,UAAUGUUAUUGCUGAU
4324,UAAUAAGUCUGUUGGU
5047,UAAUUGUUAUCUUAAU
5200,UGGUGCUCCAGAUGAU
5821,UAGUGUCUACACUAAU
5881,UAGUUUGAGUUUUAAU
6070,UGAUACUAAUCUUAAU
7969,UGAUUCCUUUGUUAAU
9736,UGAUGGUAAGCUUAAU
10168,UGAUCCUAAUUAUGAU
10384,UGGUCGUCCGACUGGU
10453,UGGUUCUUGUGGUAGU
10561,UGGUACUAUGUAUGGU
11284,UGGUGUCUACAUUAGU
12004,UAAUGUAGAUCUUGAU
12016,UGAUGCGUUAGCUAGU
13479,UGGUUUGUCCACUGAU
17334,UAGUAUGUGCACUAAU
19887,UGAUAUUGAUGUUAAU
20112,UAAUGAGUUUAUUGAU
21078,UAAUCUUGCUCUUGGU
21916,UAAUUUCUCAGAUGGU
22717,UGAUUUUACUUGUAGU
23764,UGAUCAACUUAAUAGU
23806,UAAUUUUUCCUUUGGU
23983,UGAUUCUGUACGUAAU
25453,UAAUCGUUGUUGUGAU
25824,UGGUUACUCAGUUAAU
27128,UGAUAGCCUUCUUAGU
27140,UAGUUAUCCUCAUAAU
27925,UGAUCUUUCUCUUAAU
29776,UGGUCCAAUGAUUGAU
29788,UGAUGUUAACACUGAU
